"Šifra";"Prethodna sidrena (redovna)";"Ispravljena sidrena (akcijska)";"Aktualna cijena u snapshotu";"Redovna cijena u snapshotu"
"11_0324_17_NAVY";"9,16";"5,09";"5,09";"9,16"
"15K0012002_BEIGE";"69,99";"63,99";"63,99";"69,99"
"15K0313006_1NAVY";"59,99";"46,99";"46,99";"59,99"
"15K0313006_NAVY";"59,99";"46,99";"46,99";"59,99"
"15K0323003_NAVY";"58,99";"52,99";"52,99";"58,99"
"26K001201_NAVY_ROSE";"59,99";"49,00";"49,00";"59,99"
"26K0042001_MINT";"49,99";"39,00";"39,00";"49,99"
"26K0051001_BLACK";"39,99";"29,90";"29,90";"39,99"
"26K0051001_GREY";"39,99";"29,90";"29,90";"39,99"
"95K0783001_NAVY";"43,99";"33,90";"33,90";"43,99"
"100_NAVY";"16,99";"14,99";"14,99";"16,99"
"0101_WHITE";"15,99";"9,99";"9,99";"15,99"
"0102_WHITE";"15,99";"6,99";"6,99";"15,99"
"110_BLACK";"59,99";"49,99";"49,99";"59,99"
"119_BLACK";"59,99";"49,99";"49,99";"59,99"
"129_BLUE";"6,50";"5,09";"5,09";"6,50"
"129_TIRKIZ";"6,50";"5,09";"5,09";"6,50"
"129_ZLENA_J";"6,50";"5,09";"5,09";"6,50"
"134_GREEN_APPLE";"6,50";"5,09";"5,09";"6,50"
"134_RED";"6,50";"5,09";"5,09";"6,50"
"138_BLACK";"5,18";"3,79";"3,79";"5,18"
"138_MALINE";"5,18";"3,79";"3,79";"5,18"
"138_RED";"5,18";"3,79";"3,79";"5,18"
"145_WHITE";"59,99";"49,99";"49,99";"59,99"
"0246_WHITE";"52,96";"19,99";"19,99";"52,96"
"0247_WHITE";"52,96";"19,99";"19,99";"52,96"
"253_N_BEIGE";"32,99";"24,99";"24,99";"32,99"
"253_N_BLACK";"32,99";"24,99";"24,99";"32,99"
"253_N_BLUE";"32,99";"24,99";"24,99";"32,99"
"260_110";"8,49";"4,25";"4,25";"8,49"
"260_119";"8,49";"4,25";"4,25";"8,49"
"300_BLACK";"49,99";"44,99";"44,99";"49,99"
"300_PERLA";"49,99";"44,99";"44,99";"49,99"
"300_WHITE";"49,99";"44,99";"44,99";"49,99"
"300M_BLACK";"48,99";"44,99";"44,99";"48,99"
"300M_WHITE";"48,99";"44,99";"44,99";"48,99"
"360_1RED";"47,99";"38,99";"38,99";"47,99"
"360_BLACK";"47,99";"38,99";"38,99";"47,99"
"360_RED";"47,99";"38,99";"38,99";"47,99"
"501_WHITE";"9,99";"8,99";"8,99";"9,99"
"598_01_BEIGE";"16,99";"14,99";"14,99";"16,99"
"700_M_BLACK";"45,99";"39,99";"39,99";"45,99"
"700_M_WHITE";"45,99";"39,99";"39,99";"45,99"
"712_PINK";"19,78";"17,09";"17,09";"19,78"
"750_1BLACK";"32,99";"29,99";"29,99";"32,99"
"750_1BLUE";"32,99";"29,99";"29,99";"32,99"
"750_1WHITE";"32,99";"29,99";"29,99";"32,99"
"800_WHITE";"42,99";"35,99";"35,99";"42,99"
"812_WHITE";"38,99";"33,99";"33,99";"38,99"
"900_1BLACK";"45,99";"36,99";"36,99";"45,99"
"900_1WHITE";"45,99";"36,99";"36,99";"45,99"
"902_BLACK";"49,99";"44,99";"44,99";"49,99"
"902_BLUE";"49,99";"44,99";"44,99";"49,99"
"902_RED";"49,99";"44,99";"44,99";"49,99"
"902_WHITE";"49,99";"44,99";"44,99";"49,99"
"905_BLACK";"43,99";"39,59";"39,59";"43,99"
"912_BLACK";"48,99";"42,99";"42,99";"48,99"
"912_N_WHITE";"51,99";"45,99";"45,99";"51,99"
"950_BLACK";"49,99";"39,99";"39,99";"49,99"
"950_PERLA";"49,99";"39,99";"39,99";"49,99"
"950_WHITE";"49,99";"39,99";"39,99";"49,99"
"953_BLACK";"48,99";"43,99";"43,99";"48,99"
"953_BLUE";"48,99";"43,99";"43,99";"48,99"
"953_WHITE";"48,99";"43,99";"43,99";"48,99"
"968_BLACK";"22,99";"19,99";"19,99";"22,99"
"1024_BLACK";"46,99";"41,99";"41,99";"46,99"
"1024_WHITE";"46,99";"41,99";"41,99";"46,99"
"1041_WHITE";"29,99";"18,99";"18,99";"29,99"
"001047";"549,00";"449,00";"449,00";"549,00"
"1060_PINK";"21,10";"12,99";"12,99";"21,10"
"1060_PURPLE";"21,10";"12,99";"12,99";"21,10"
"1060_WHITE_G";"29,99";"19,99";"19,99";"29,99"
"1082_WHITE";"29,99";"16,99";"16,99";"29,99"
"1110_BLACK";"42,99";"28,99";"28,99";"42,99"
"1112_CRNA";"4,49";"2,25";"2,25";"4,49"
"1112_SIVA";"4,49";"2,25";"2,25";"4,49"
"01129_110";"3,29";"1,65";"1,65";"3,29"
"1150_BLACK";"36,99";"26,99";"26,99";"36,99"
"01175_110_BIJELA";"4,49";"2,25";"2,25";"4,49"
"1175_WHITE";"10,99";"5,50";"5,50";"10,99"
"1250_N_BLACK";"46,99";"39,99";"39,99";"46,99"
"1350_1BLACK";"28,99";"24,99";"24,99";"28,99"
"1350_1WHITE";"28,99";"24,99";"24,99";"28,99"
"1352_1BLACK";"28,99";"24,99";"24,99";"28,99"
"1352_1BLUE";"28,99";"24,99";"24,99";"28,99"
"1352_1WHITE";"28,99";"24,99";"24,99";"28,99"
"1364_BLUE";"28,99";"24,99";"24,99";"28,99"
"1372_1BLACK";"28,99";"24,99";"24,99";"28,99"
"1372_NAVY";"28,99";"24,99";"24,99";"28,99"
"1372_WHITE";"28,99";"24,99";"24,99";"28,99"
"1468_BLACK";"30,39";"22,99";"22,99";"30,39"
"1642_GREY";"29,99";"23,99";"23,99";"29,99"
"1772_BLUE";"32,99";"29,99";"29,99";"32,99"
"1772_WHITE";"32,99";"29,99";"29,99";"32,99"
"2008_WHITE";"26,41";"21,09";"21,09";"26,41"
"2019_13_PLAVA";"17,12";"6,99";"6,99";"17,12"
"2019_39_BLACK";"9,16";"5,09";"5,09";"9,16"
"2019_40_BEIGE_1";"9,16";"5,09";"5,09";"9,16"
"2019_41_GREY_1";"9,16";"5,09";"5,09";"9,16"
"2019_92_BORDO";"17,12";"7,99";"7,99";"17,12"
"2019_93_BLUE";"17,12";"7,99";"7,99";"17,12"
"2019_BLACK";"53,99";"45,99";"45,99";"53,99"
"2019_N_BLACK";"54,99";"49,99";"49,99";"54,99"
"2022_N_BLACK";"51,99";"44,99";"44,99";"51,99"
"2022_N_MINT";"51,99";"44,99";"44,99";"51,99"
"2022_N_PERLA";"51,99";"44,99";"44,99";"51,99"
"2022_N_SILVER";"51,99";"44,99";"44,99";"51,99"
"2022_N_WHITE";"51,99";"44,99";"44,99";"51,99"
"2023_BLACK_L";"49,99";"44,99";"44,99";"49,99"
"2023_PERLA_L";"49,99";"44,99";"44,99";"49,99"
"2023_WHITE_L";"49,99";"44,99";"44,99";"49,99"
"2162_RED";"17,12";"10,39";"10,39";"17,12"
"02230_090";"3,19";"1,60";"1,60";"3,19"
"02235_096";"5,49";"2,75";"2,75";"5,49"
"2378_BLACK";"22,99";"15,99";"15,99";"22,99"
"2378_GREY";"22,99";"15,99";"15,99";"22,99"
"2378_KHAKI";"22,99";"15,99";"15,99";"22,99"
"2490A_NAVY";"19,78";"15,99";"15,99";"19,78"
"02580_MAVI";"10,49";"6,49";"6,49";"10,49"
"2636_NERO2";"30,39";"16,99";"16,99";"30,39"
"2681_NAVY";"35,70";"19,99";"19,99";"35,70"
"2837_NAVY";"19,78";"6,99";"6,99";"19,78"
"02884_PINK";"9,09";"7,99";"7,99";"9,09"
"03034_BLUE";"9,09";"7,99";"7,99";"9,09"
"03085_RED_NAVY";"9,09";"7,99";"7,99";"9,09"
"3130_BLACK";"36,99";"29,99";"29,99";"36,99"
"3200_BLACK";"51,99";"39,99";"39,99";"51,99"
"3200_N_PERLA";"51,99";"39,99";"39,99";"51,99"
"3200_WHITE";"51,99";"39,99";"39,99";"51,99"
"3300_N_BLACK";"44,99";"39,99";"39,99";"44,99"
"3300_N_PERLA";"44,99";"39,99";"39,99";"44,99"
"3300_N_WHITE";"44,99";"39,99";"39,99";"44,99"
"3500_BLACK";"42,99";"36,99";"36,99";"42,99"
"3500_N_BLACK";"44,99";"39,99";"39,99";"44,99"
"3500_N_WHITE";"44,99";"39,99";"39,99";"44,99"
"3520_BEIGE";"19,99";"17,99";"17,99";"19,99"
"4148_1_SMEDA";"24,99";"22,49";"22,49";"24,99"
"4148_7_NAVY";"24,99";"22,49";"22,49";"24,99"
"4148_Y_BLACK";"27,99";"24,99";"24,99";"27,99"
"4148_Y_NAVY";"27,99";"24,99";"24,99";"27,99"
"4250_BLACK";"49,99";"44,99";"44,99";"49,99"
"4250_WHITE";"49,99";"44,99";"44,99";"49,99"
"4251_MINT_SILVER";"47,99";"42,99";"42,99";"47,99"
"4251_PERLA";"51,99";"42,99";"42,99";"51,99"
"4350_FLOWER";"32,99";"26,99";"26,99";"32,99"
"4350_FLOWER_WHT";"32,99";"29,99";"29,99";"32,99"
"4350_HEARTS";"32,99";"29,99";"29,99";"32,99"
"4352_1FLOWER";"32,99";"29,99";"29,99";"32,99"
"4367_FLOWER_BLK";"32,99";"29,99";"29,99";"32,99"
"4367_WHT_FLOWER";"32,99";"29,99";"29,99";"32,99"
"4371_WHITE";"32,99";"29,99";"29,99";"32,99"
"4372_1FLOWER";"32,99";"26,99";"26,99";"32,99"
"4372_BLK_FLOWER";"28,99";"24,99";"24,99";"28,99"
"4944_PURPLE";"36,99";"28,99";"28,99";"36,99"
"5001_BLACK";"52,99";"44,99";"44,99";"52,99"
"5001_N_BLACK";"52,99";"44,99";"44,99";"52,99"
"5001_PERLA";"52,99";"44,99";"44,99";"52,99"
"5001_RED";"45,99";"36,99";"36,99";"45,99"
"5001_WHITE";"52,99";"44,99";"44,99";"52,99"
"5002_N_BLACK";"51,99";"42,99";"42,99";"51,99"
"5002_N_PERLA";"51,99";"42,99";"42,99";"51,99"
"5002_N_WHITE";"51,99";"42,99";"42,99";"51,99"
"5011_BLUE";"27,99";"19,99";"19,99";"27,99"
"5370_BLACK";"26,99";"22,99";"22,99";"26,99"
"5971MED";"14,99";"11,99";"11,99";"14,99"
"6000_1_BLACK";"55,99";"51,99";"51,99";"55,99"
"6000_1_WHITE";"55,99";"51,99";"51,99";"55,99"
"6005_N_BLACK";"57,99";"52,99";"52,99";"57,99"
"6005_N_WHITE";"57,99";"52,99";"52,99";"57,99"
"6204_BEIGE";"29,90";"25,99";"25,99";"29,90"
"6204_BLACK";"29,90";"25,99";"25,99";"29,90"
"6204_BLUE";"29,90";"25,99";"25,99";"29,90"
"6204_WHITE";"29,90";"25,99";"25,99";"29,90"
"6711_OLIVE";"42,99";"32,99";"32,99";"42,99"
"8188OU_LUA";"44,99";"34,99";"34,99";"44,99"
"8940A_BLACKGREY";"7,99";"6,99";"6,99";"7,99"
"8940A_BLACKWHITE";"7,99";"6,99";"6,99";"7,99"
"8940A_NAVYWHITE";"7,99";"6,99";"6,99";"7,99"
"9421_PINKI";"29,07";"18,99";"18,99";"29,07"
"09878_1BLACK";"18,99";"16,99";"16,99";"18,99"
"09878_1BROWN";"18,99";"16,99";"16,99";"18,99"
"10127_WHITE";"41,99";"29,99";"29,99";"41,99"
"10179_1OLIVE";"54,99";"42,99";"42,99";"54,99"
"10179_NAVY";"49,99";"38,99";"38,99";"49,99"
"10179_OLIVE";"49,99";"38,99";"38,99";"49,99"
"10268_BLK_WHITE";"46,99";"36,99";"36,99";"46,99"
"10273_PINK";"40,99";"29,99";"29,99";"40,99"
"10274_NAVY";"51,99";"38,00";"38,00";"51,99"
"10297_GREEN";"40,99";"31,99";"31,99";"40,99"
"10404_NAVY";"49,99";"38,99";"38,99";"49,99"
"10408_NAVY";"32,99";"25,99";"25,99";"32,99"
"10408_PINK";"32,99";"25,99";"25,99";"32,99"
"10413_GREY";"51,99";"38,00";"38,00";"51,99"
"10615_BLUE";"11,99";"9,99";"9,99";"11,99"
"10615_GREEN";"11,99";"9,99";"9,99";"11,99"
"10615_PINK";"11,99";"9,99";"9,99";"11,99"
"10615_PINKY";"11,99";"9,99";"9,99";"11,99"
"10615_PURPLE";"11,99";"9,99";"9,99";"11,99"
"10989_1_YELLOW";"37,99";"26,99";"26,99";"37,99"
"10989_BLACK";"12,99";"9,99";"9,99";"12,99"
"10989_YELLOW";"32,99";"24,99";"24,99";"32,99"
"11123_GREY";"11,99";"6,00";"6,00";"11,99"
"11448_BLACK";"14,99";"9,99";"9,99";"14,99"
"11448_BLUE";"14,99";"9,99";"9,99";"14,99"
"11448_D_BLUE";"14,99";"9,99";"9,99";"14,99"
"11449_BLACK";"15,99";"9,99";"9,99";"15,99"
"11449_GREEN";"15,99";"9,99";"9,99";"15,99"
"11449_LILA";"15,99";"9,99";"9,99";"15,99"
"11449_PINK";"15,99";"9,99";"9,99";"15,99"
"12394_BB533_06601";"30,99";"27,99";"27,99";"30,99"
"12615_GREY";"64,99";"46,00";"46,00";"64,99"
"12980_WHITE";"72,99";"49,00";"49,00";"72,99"
"13087_WHITE";"81,99";"59,00";"59,00";"81,99"
"13464_BEIGEB";"19,99";"17,99";"17,99";"19,99"
"13464_BEIGEBL";"19,99";"17,99";"17,99";"19,99"
"13464_BEIGEN";"19,99";"17,99";"17,99";"19,99"
"13464_BLACKB";"19,99";"17,99";"17,99";"19,99"
"13464_BORDOW";"19,99";"17,99";"17,99";"19,99"
"13466_1FLOWER";"22,99";"19,99";"19,99";"22,99"
"13466_BLACK_FLOW";"22,99";"19,99";"19,99";"22,99"
"14634_1RED";"17,99";"15,99";"15,99";"17,99"
"14634_BLACK";"17,99";"15,99";"15,99";"17,99"
"14634_NAVY";"17,99";"15,99";"15,99";"17,99"
"14634_PINK";"17,99";"15,99";"15,99";"17,99"
"14634_WHITE";"17,99";"15,99";"15,99";"17,99"
"15003";"39,99";"24,99";"24,99";"39,99"
"15005_NERO";"39,99";"24,99";"24,99";"39,99"
"15158_1WHITE";"20,99";"19,99";"19,99";"20,99"
"15158_2WHITE";"20,99";"19,99";"19,99";"20,99"
"15158_WHITE";"20,99";"19,99";"19,99";"20,99"
"20337_BEIGE";"24,99";"19,99";"19,99";"24,99"
"20337_PINK";"24,99";"22,49";"22,49";"24,99"
"022005_WHITE";"30,39";"17,09";"17,09";"30,39"
"23438_BORDO";"27,99";"24,99";"24,99";"27,99"
"26669_AB480_02064";"24,99";"14,99";"14,99";"24,99"
"27018_AF383_20797";"24,99";"19,99";"19,99";"24,99"
"27238_BH322_02586";"32,99";"29,99";"29,99";"32,99"
"30283_WHT_PINK";"44,99";"38,24";"38,24";"44,99"
"30285_BLACK";"49,99";"39,90";"39,90";"49,99"
"32504_BEIGE";"66,99";"49,00";"49,00";"66,99"
"39212_BLACK";"50,99";"39,00";"39,00";"50,99"
"60107";"5,18";"5,09";"5,09";"5,18"
"65025PT_A";"199,99";"169,99";"169,99";"199,99"
"65025PT_B";"199,99";"139,99";"139,99";"199,99"
"70210_BLACK";"48,99";"39,00";"39,00";"48,99"
"70221_BLK";"48,99";"39,99";"39,99";"48,99"
"81753U_LEE";"55,61";"34,99";"34,99";"55,61"
"81875U_LUA";"49,99";"35,00";"35,00";"49,99"
"81997_BC815_35357";"22,99";"17,99";"17,99";"22,99"
"82598_AS039_20676";"28,99";"21,99";"21,99";"28,99"
"82670_20032_04297";"18,45";"12,99";"12,99";"18,45"
"82935_BLUE";"30,39";"19,99";"19,99";"30,39"
"83243_AS021_02102";"25,99";"22,99";"22,99";"25,99"
"83244_20766_02234";"25,99";"22,99";"22,99";"25,99"
"83244_BD842_02102";"25,99";"20,99";"20,99";"25,99"
"83335_AH731_04121";"24,99";"19,99";"19,99";"24,99"
"83349_AH867_05857";"19,99";"14,99";"14,99";"19,99"
"83349_AH869_05857";"19,99";"14,99";"14,99";"19,99"
"83386_AJ500_02064";"29,99";"17,99";"17,99";"29,99"
"83470_AO899_20812";"17,99";"12,99";"12,99";"17,99"
"83485_AR576_09942";"30,99";"24,99";"24,99";"30,99"
"83527_BB402_02976";"28,99";"25,99";"25,99";"28,99"
"83543_24006_41531";"19,99";"14,99";"14,99";"19,99"
"83543_AQ993_33665";"19,99";"14,99";"14,99";"19,99"
"83582_AW914_08679";"15,99";"12,99";"12,99";"15,99"
"83585_AT220_33165";"33,99";"24,99";"24,99";"33,99"
"83606_AW816_50230";"28,99";"21,99";"21,99";"28,99"
"83609_AZ064_05809";"17,99";"13,99";"13,99";"17,99"
"83614_AY571_36063";"24,99";"21,99";"21,99";"24,99"
"83614_AY575_36063";"24,99";"19,99";"19,99";"24,99"
"83615_BC943_09942";"29,99";"26,99";"26,99";"29,99"
"83615_BC950_09942";"29,99";"26,99";"26,99";"29,99"
"83621_AZ046_05809";"17,99";"13,99";"13,99";"17,99"
"83629_BC877_02007";"27,99";"17,99";"17,99";"27,99"
"83659_BB879_35357";"22,99";"17,99";"17,99";"22,99"
"83660_BC739_08679";"25,99";"20,99";"20,99";"25,99"
"99966_BLACK";"23,99";"19,99";"19,99";"23,99"
"102690_GREY";"46,99";"26,99";"26,99";"46,99"
"117561_PURPLE";"72,99";"49,00";"49,00";"72,99"
"117617_PINK";"81,99";"59,00";"59,00";"81,99"
"149536_PINK";"71,99";"39,00";"39,00";"71,99"
"149691_BLACK";"71,99";"49,00";"49,00";"71,99"
"150025_WHITE";"82,99";"49,00";"49,00";"82,99"
"150111_BLACK";"79,99";"39,00";"39,00";"79,99"
"155196_BLACK";"86,99";"45,00";"45,00";"86,99"
"203053B_BEIGE";"24,99";"17,99";"17,99";"24,99"
"203397_BEIGE";"24,99";"22,99";"22,99";"24,99"
"203397_BLK";"24,99";"22,99";"22,99";"24,99"
"203397_GIRL";"24,99";"22,99";"22,99";"24,99"
"203397_HEART";"24,99";"22,99";"22,99";"24,99"
"220635_1H8";"69,99";"49,00";"49,00";"69,99"
"232399_BLACK";"72,99";"49,00";"49,00";"72,99"
"237704_BLACK";"72,99";"49,99";"49,99";"72,99"
"241635_1_BROWN";"49,99";"44,99";"44,99";"49,99"
"241635_BROWN";"49,99";"44,99";"44,99";"49,99"
"242533_BLACK";"43,99";"32,00";"32,00";"43,99"
"242681_WHITE";"49,99";"44,99";"44,99";"49,99"
"243046_OLIVE";"53,99";"48,99";"48,99";"53,99"
"243180_WHITE";"49,99";"35,00";"35,00";"49,99"
"243316_WHITE";"57,99";"49,99";"49,99";"57,99"
"243317_WHITE";"54,99";"49,99";"49,99";"54,99"
"243368_BLACK";"44,99";"39,99";"39,99";"44,99"
"243377_BLACK";"58,99";"39,00";"39,00";"58,99"
"243380_NAVY";"58,99";"50,99";"50,99";"58,99"
"243418_BLACK";"49,99";"39,99";"39,99";"49,99"
"260991K_OLIVE";"45,99";"34,99";"34,99";"45,99"
"261071K_RED";"42,99";"34,99";"34,99";"42,99"
"261561_1PL_PINK";"9,99";"7,99";"7,99";"9,99"
"261561PL_PINK";"9,99";"8,99";"8,99";"9,99"
"261603PL_NAVY";"9,99";"7,99";"7,99";"9,99"
"295685_GREEN";"7,83";"3,99";"3,99";"7,83"
"295685_NAVY";"7,83";"3,99";"3,99";"7,83"
"316642_N_NAVY";"24,99";"14,99";"14,99";"24,99"
"326106_BLACK";"26,41";"9,99";"9,99";"26,41"
"326106_BROWN";"26,41";"9,99";"9,99";"26,41"
"326106_NAVY";"26,41";"9,99";"9,99";"26,41"
"590543_GREEN";"39,68";"19,99";"19,99";"39,68"
"590553_PINK";"39,68";"19,99";"19,99";"39,68"
"590561_NAVY";"39,68";"19,99";"19,99";"39,68"
"590592_BLUE";"33,05";"18,99";"18,99";"33,05"
"1001426_TA";"39,99";"14,99";"14,99";"39,99"
"1999434_G_37_40";"5,18";"3,79";"3,79";"5,18"
"1999434_LIME";"5,18";"3,79";"3,79";"5,18"
"2400000X_GREY";"44,99";"38,00";"38,00";"44,99"
"2400001U_WHITE";"39,99";"36,99";"36,99";"39,99"
"2400001X_RED";"44,99";"38,00";"38,00";"44,99"
"2400001X_WHITE";"44,99";"38,00";"38,00";"44,99"
"2400121U_BLACK";"44,99";"35,00";"35,00";"44,99"
"2400330X_BLACK";"53,99";"39,00";"39,00";"53,99"
"2400340_BLACK";"59,99";"39,00";"39,00";"59,99"
"2400340U_BEIGE";"59,99";"39,99";"39,99";"59,99"
"2400350U_BLACK";"49,99";"45,99";"45,99";"49,99"
"2400483_BEIGE";"53,99";"39,00";"39,00";"53,99"
"2400571U_BLACK";"59,99";"39,00";"39,00";"59,99"
"2400630W_BLACK";"48,99";"39,00";"39,00";"48,99"
"2600000_BLACK";"28,99";"19,99";"19,99";"28,99"
"2600000_PINK";"28,99";"21,99";"21,99";"28,99"
"2600120K_BLACK";"28,99";"19,99";"19,99";"28,99"
"2600341T_BLACK";"47,99";"36,00";"36,00";"47,99"
"2600710K_NAVY";"28,99";"24,99";"24,99";"28,99"
"2600920K_NAVY";"28,99";"19,99";"19,99";"28,99"
"2601220K_NAVY";"28,99";"19,99";"19,99";"28,99"
"2609820_RED";"28,99";"19,99";"19,99";"28,99"
"2746200";"9,16";"5,09";"5,09";"9,16"
"3500148_NAVY";"11,81";"7,79";"7,79";"11,81"
"3500275_BROWN";"35,70";"19,99";"19,99";"35,70"
"3500769_BLUE";"9,16";"5,99";"5,99";"9,16"
"3500769_PINK";"9,16";"5,09";"5,09";"9,16"
"3500769_PINKI";"9,16";"5,99";"5,99";"9,16"
"3500769_RED";"9,16";"5,99";"5,99";"9,16"
"3500914_GREY_BLACK";"26,41";"14,99";"14,99";"26,41"
"3500941_PINK";"30,39";"22,39";"22,39";"30,39"
"3501052";"26,41";"14,99";"14,99";"26,41"
"3501052_BLUE";"26,41";"9,99";"9,99";"26,41"
"3501080_NAVY";"6,50";"3,85";"3,85";"6,50"
"3501080_PINKY";"6,50";"3,79";"3,79";"6,50"
"3501394_GREY";"26,41";"18,99";"18,99";"26,41"
"3501668_NAVY";"33,05";"19,99";"19,99";"33,05"
"3501699_NAVY";"32,99";"14,99";"14,99";"32,99"
"3501911_BLACK";"16,99";"9,99";"9,99";"16,99"
"3501911_BLUE";"16,99";"9,99";"9,99";"16,99"
"3501911_WHITE";"16,99";"9,99";"9,99";"16,99"
"3501944_BLUE";"35,70";"19,99";"19,99";"35,70"
"3501944_GREY";"35,70";"19,99";"19,99";"35,70"
"3501947_BLACK";"35,70";"19,99";"19,99";"35,70"
"3502053_BLUE";"35,70";"19,99";"19,99";"35,70"
"3502053_NAVY";"35,70";"19,99";"19,99";"35,70"
"3502055_1_BLUE";"24,99";"19,99";"19,99";"24,99"
"3502055_NAVY";"35,70";"19,99";"19,99";"35,70"
"3502467_BLACK";"29,99";"19,99";"19,99";"29,99"
"3502467_GREY";"29,99";"19,99";"19,99";"29,99"
"6500944B";"899,00";"649,00";"649,00";"899,00"
"6500944BC";"889,00";"649,00";"649,00";"889,00"
"6502035_JEDNOROG";"16,99";"8,99";"8,99";"16,99"
"6502035_LAMA";"16,99";"8,99";"8,99";"16,99"
"6502035_VODENKONJ";"16,99";"8,99";"8,99";"16,99"
"6502156_C";"303,94";"149,00";"149,00";"303,94"
"6502156_TA";"39,99";"14,99";"14,99";"39,99"
"6502156G";"14,99";"7,99";"7,99";"14,99"
"6502156N";"14,99";"7,99";"7,99";"14,99"
"6502156RK";"6,99";"4,99";"4,99";"6,99"
"6502156RKG";"6,99";"4,99";"4,99";"6,99"
"6502156SK";"15,00";"6,99";"6,99";"15,00"
"6502157";"39,00";"13,99";"13,99";"39,00"
"6502157_B";"39,00";"11,99";"11,99";"39,00"
"6502157_CV";"11,99";"7,99";"7,99";"11,99"
"6502157P";"14,99";"9,99";"9,99";"14,99"
"6502157VB";"49,99";"39,99";"39,99";"49,99"
"6502704_A_396";"249,00";"129,00";"129,00";"249,00"
"A01_FLOWER_C";"59,59";"54,99";"54,99";"59,59"
"A01_GREEN_N";"59,59";"54,99";"54,99";"59,59"
"A01_HEART_C";"59,59";"54,99";"54,99";"59,59"
"A01_PINK_C";"59,59";"54,99";"54,99";"59,59"
"A01_PINK_C1";"59,59";"54,99";"54,99";"59,59"
"A01_RED_C";"59,59";"54,99";"54,99";"59,59"
"A05_FLOWER_PC";"62,25";"54,99";"54,99";"62,25"
"A06_SILVER_C";"70,21";"54,99";"54,99";"70,21"
"A66_WHITE";"14,99";"12,99";"12,99";"14,99"
"A200_GREEN_1C";"54,99";"46,99";"46,99";"54,99"
"A8358_RED";"17,12";"11,99";"11,99";"17,12"
"A8369_PINK";"17,12";"9,99";"9,99";"17,12"
"AA01_2_TERAKOTA";"62,99";"56,99";"56,99";"62,99"
"AA01_B_SILVER";"62,99";"56,99";"56,99";"62,99"
"AA01_BEIGE";"62,99";"49,99";"49,99";"62,99"
"AA01_BLACK";"62,99";"56,99";"56,99";"62,99"
"AA01_BLACKPUDER";"62,99";"56,99";"56,99";"62,99"
"AA01_BLACKWHT";"62,99";"58,99";"58,99";"62,99"
"AA01_GOLDPUDER";"62,99";"56,99";"56,99";"62,99"
"AA01_GOLDWHT";"64,99";"58,99";"58,99";"64,99"
"AA01_HEART";"62,99";"56,99";"56,99";"62,99"
"AA01_N_WHITE";"62,99";"56,99";"56,99";"62,99"
"AA01_P_GOLD";"62,99";"56,99";"56,99";"62,99"
"AA01_PERLAWHT";"64,99";"58,99";"58,99";"64,99"
"AA01_SILVER";"62,99";"56,99";"56,99";"62,99"
"AA01_SILVERWHT";"62,99";"58,99";"58,99";"62,99"
"AA01_TERAKOTAW";"64,99";"58,99";"58,99";"64,99"
"AA01_WWHITE";"62,99";"58,99";"58,99";"62,99"
"AA200_GOLD";"56,99";"51,99";"51,99";"56,99"
"AA200_GOLDWHT";"56,99";"51,99";"51,99";"56,99"
"AA200_PERLAWHITE";"56,99";"51,29";"51,29";"56,99"
"AC011_RED";"10,49";"6,49";"6,49";"10,49"
"AFZAL_BROWN";"10,49";"7,79";"7,79";"10,49"
"AFZAL_GREY";"10,49";"7,79";"7,79";"10,49"
"AK0137_03_BLUE";"19,78";"6,99";"6,99";"19,78"
"ALEX_GREY";"56,00";"48,99";"48,99";"56,00"
"AMY_BROWN";"11,81";"9,09";"9,09";"11,81"
"ARLA_BLACK";"21,99";"14,99";"14,99";"21,99"
"ARLA_FUXIA";"21,99";"14,99";"14,99";"21,99"
"ARLA_PURPLE";"21,99";"14,99";"14,99";"21,99"
"ASPEN_BLACK_1";"19,78";"11,99";"11,99";"19,78"
"ASPEN_NAVY_1";"19,78";"11,99";"11,99";"19,78"
"AYLA_BLUE";"10,49";"7,79";"7,79";"10,49"
"AYLA_BROWN";"10,49";"7,79";"7,79";"10,49"
"AYLA_GREY";"10,49";"7,79";"7,79";"10,49"
"B02_BLACK";"19,99";"17,99";"17,99";"19,99"
"B104_PINKI";"25,99";"13,99";"13,99";"25,99"
"B142_BLACK";"25,99";"13,99";"13,99";"25,99"
"B376_BLACK";"7,99";"6,29";"6,29";"7,99"
"B376_BLUE";"7,99";"6,29";"6,29";"7,99"
"B376_PINK";"7,99";"6,29";"6,29";"7,99"
"B9350_BLACK";"27,99";"23,99";"23,99";"27,99"
"B185230_GREY";"27,99";"14,99";"14,99";"27,99"
"B186870_BROWN";"27,99";"21,99";"21,99";"27,99"
"B429463_BLACK";"28,99";"23,99";"23,99";"28,99"
"B821203_BEIGE";"25,99";"18,99";"18,99";"25,99"
"B850060_PINK";"23,99";"20,99";"20,99";"23,99"
"B851340_BLACK";"35,99";"32,49";"32,49";"35,99"
"B859270_NAVY";"11,99";"8,99";"8,99";"11,99"
"B862280_NAVY";"28,99";"24,99";"24,99";"28,99"
"B893695_NAVY";"28,99";"19,99";"19,99";"28,99"
"B907240_GREY";"23,99";"20,99";"20,99";"23,99"
"BALIS_SILVER";"26,41";"17,09";"17,09";"26,41"
"BESTBOY_BLACK";"39,99";"34,99";"34,99";"39,99"
"BESTRUN_BLACK";"39,99";"34,99";"34,99";"39,99"
"BG166_RED";"17,99";"16,19";"16,19";"17,99"
"BKKX7110_BLACK";"41,99";"21,99";"21,99";"41,99"
"BORKUM_42FLOWER";"34,99";"31,49";"31,49";"34,99"
"BORKUM_BLACK";"32,99";"29,99";"29,99";"32,99"
"BORKUM_FLOWER";"34,99";"31,49";"31,49";"34,99"
"BORKUM_NEWS";"34,99";"31,49";"31,49";"34,99"
"BORKUM_RED";"32,99";"29,99";"29,99";"32,99"
"BORKUM_WHITE";"32,99";"29,99";"29,99";"32,99"
"C128C_RED";"26,41";"17,99";"17,99";"26,41"
"C882_BLACK";"39,99";"30,99";"30,99";"39,99"
"C2455_BEIGE";"9,99";"7,99";"7,99";"9,99"
"C8051_BLACK";"19,99";"15,99";"15,99";"19,99"
"CHE243M101_01";"38,99";"34,99";"34,99";"38,99"
"CHE251M102_01";"16,99";"14,99";"14,99";"16,99"
"CHE251M102_02";"16,99";"14,99";"14,99";"16,99"
"CHF241B125_10_WHITE";"39,99";"29,99";"29,99";"39,99"
"CHF241B150_02";"35,99";"28,90";"28,90";"35,99"
"CHF241B403_06";"18,99";"12,99";"12,99";"18,99"
"CHF241G125_08_WHITE";"41,99";"31,99";"31,99";"41,99"
"CHF241G151_10";"39,99";"28,99";"28,99";"39,99"
"CHF241M100_01";"51,99";"36,99";"36,99";"51,99"
"CHF251B109_61";"44,99";"29,99";"29,99";"44,99"
"CHF251B418_22";"18,99";"14,99";"14,99";"18,99"
"CHF251F105_01_BLACK";"59,99";"39,00";"39,00";"59,99"
"CHF251F110_11";"62,99";"48,00";"48,00";"62,99"
"CHF251F120_06";"58,99";"39,00";"39,00";"58,99"
"CHF251F120_10";"58,99";"45,00";"45,00";"58,99"
"CHF251G105_01";"37,99";"29,99";"29,99";"37,99"
"CHF251M117_02";"59,99";"39,90";"39,90";"59,99"
"CHF251M117_30";"55,99";"39,99";"39,99";"55,99"
"CHF261M111_02";"54,90";"43,92";"43,92";"54,90"
"CONNECT_BLACK_WHT";"39,99";"35,99";"35,99";"39,99"
"CONNECT_BLK_GREY";"39,99";"35,99";"35,99";"39,99"
"CONNECT_RED_WHT";"39,99";"35,99";"35,99";"39,99"
"D_175_BLACK";"44,99";"36,99";"36,99";"44,99"
"D_300_BLACK";"44,99";"40,49";"40,49";"44,99"
"D_300_BRONZE";"47,99";"42,99";"42,99";"47,99"
"D_300_FLOWER";"44,99";"42,74";"42,74";"44,99"
"D_312_DOKTOR";"47,99";"41,99";"41,99";"47,99"
"D_312_FLOWER";"42,99";"37,99";"37,99";"42,99"
"D_312_FLOWER_K";"42,99";"38,69";"38,69";"42,99"
"D_312_PLUTASILVER";"49,99";"44,99";"44,99";"49,99"
"D_312_SILVER";"47,99";"41,99";"41,99";"47,99"
"D_314_WHITE";"52,99";"47,99";"47,99";"52,99"
"D_315_FLOWER";"52,99";"48,99";"48,99";"52,99"
"D_316_BLACK";"52,99";"48,99";"48,99";"52,99"
"D_316_BRONZE";"52,99";"48,99";"48,99";"52,99"
"D_316_FLOWER";"52,99";"47,99";"47,99";"52,99"
"D_316_SILVER";"52,99";"48,99";"48,99";"52,99"
"D_316_WHITE_K";"52,99";"48,99";"48,99";"52,99"
"D_317_K_BLACK";"52,99";"48,99";"48,99";"52,99"
"D_322_PWDSILV_K";"52,99";"47,69";"47,69";"52,99"
"D314_PERLA";"51,99";"46,99";"46,99";"51,99"
"D314_WHITE";"51,99";"46,99";"46,99";"51,99"
"D315_FLOWER";"51,99";"46,99";"46,99";"51,99"
"DBS9139_BEIGE";"25,99";"22,99";"22,99";"25,99"
"EBU_NAVY";"26,99";"19,99";"19,99";"26,99"
"EBU_PURPLE";"26,99";"19,99";"19,99";"26,99"
"EMY_RED";"22,99";"19,99";"19,99";"22,99"
"ENI_BLUE";"24,99";"19,99";"19,99";"24,99"
"ERIC_FUXIA";"42,99";"29,99";"29,99";"42,99"
"ERIC_ORANGE";"48,99";"29,99";"29,99";"48,99"
"ERIC_ORANGE_BLUE";"35,70";"24,99";"24,99";"35,70"
"ERZBERG_GREY";"62,25";"39,99";"39,99";"62,25"
"F01_BLACK_NN";"54,99";"49,99";"49,99";"54,99"
"F01_HEART_C";"59,59";"52,99";"52,99";"59,59"
"F01_RED_C";"59,59";"44,99";"44,99";"59,59"
"F01_RED_NN";"59,59";"52,99";"52,99";"59,59"
"F05_FLOWER_1C";"62,25";"54,99";"54,99";"62,25"
"F05_FLOWER_CP";"62,25";"54,99";"54,99";"62,25"
"F419_BLACK";"30,99";"26,99";"26,99";"30,99"
"F81021_BLACK";"18,45";"13,09";"13,09";"18,45"
"FF01_1_BLACK";"62,99";"54,99";"54,99";"62,99"
"FF01_1_TERAKOTA";"62,99";"57,99";"57,99";"62,99"
"FF01_1TERAKOTA";"62,99";"54,99";"54,99";"62,99"
"FF01_HEART";"62,99";"54,99";"54,99";"62,99"
"FF01_PERLA";"62,99";"54,99";"54,99";"62,99"
"FF05_P_WHITE";"62,25";"56,99";"56,99";"62,25"
"FF200_WHITE_P";"54,99";"51,99";"51,99";"54,99"
"FLYDE_BLK_WHT";"21,99";"18,99";"18,99";"21,99"
"G30_BEIGE";"31,99";"27,99";"27,99";"31,99"
"GL173_BORDO";"19,99";"16,99";"16,99";"19,99"
"GROSSGLOCKNER_GREY_FUCHSIA";"48,97";"26,99";"26,99";"48,97"
"GS58P_BEIGE";"24,99";"21,99";"21,99";"24,99"
"H8308_SILVER";"32,99";"26,99";"26,99";"32,99"
"H8308_WHITE";"32,99";"26,99";"26,99";"32,99"
"H9102_BEIGE";"27,99";"24,99";"24,99";"27,99"
"HAMBURG_CRVENA";"11,81";"7,79";"7,79";"11,81"
"HG22883_GOLD";"15,79";"11,99";"11,99";"15,79"
"HJ52_NAVY";"20,99";"17,99";"17,99";"20,99"
"HJ53_NAVY";"20,99";"17,99";"17,99";"20,99"
"HJ61_BLACK";"20,99";"17,99";"17,99";"20,99"
"HJ65_BLACK";"22,99";"19,99";"19,99";"22,99"
"HJ70_PINK";"22,99";"19,99";"19,99";"22,99"
"HJ71_PINK";"22,99";"19,99";"19,99";"22,99"
"HJ73_PINK";"20,99";"18,99";"18,99";"20,99"
"HJ76_BLACK";"22,99";"19,99";"19,99";"22,99"
"HJ79_BLACK";"22,99";"19,99";"19,99";"22,99"
"HJ81_BLACK";"22,99";"19,99";"19,99";"22,99"
"HOGUN_GREY_ORANGE";"66,23";"32,99";"32,99";"66,23"
"HPF352_S001_PINKBUTERFY";"24,99";"21,99";"21,99";"24,99"
"HPF352_S003BLACK";"24,99";"19,99";"19,99";"24,99"
"HPF352_S12_WHITE";"21,99";"18,99";"18,99";"21,99"
"HPF352_S62_BROWN";"21,99";"18,99";"18,99";"21,99"
"HPF352S003_BLACK";"22,99";"18,99";"18,99";"22,99"
"HPM360_S041_WHITE";"21,99";"18,99";"18,99";"21,99"
"HPM360_S042_WHITE";"22,99";"19,99";"19,99";"22,99"
"I_LOVE_MAMA_CRNA";"11,81";"7,79";"7,79";"11,81"
"I_LOVE_MAMA_SIVA";"11,81";"7,79";"7,79";"11,81"
"I_LOVE_PAPA_PLAVA";"11,81";"7,79";"7,79";"11,81"
"I_LOVE_PAPA_SIVA";"11,81";"7,79";"7,79";"11,81"
"I_LOVE_PAPA_SVPLAVA";"11,81";"7,79";"7,79";"11,81"
"JH332_BLACK";"28,99";"22,99";"22,99";"28,99"
"JH375_BLACK";"29,99";"26,99";"26,99";"29,99"
"JH375_PINK";"29,99";"26,99";"26,99";"29,99"
"JH390_BEIGE";"29,99";"26,99";"26,99";"29,99"
"JPF370_1GREY";"21,99";"16,99";"16,99";"21,99"
"JPF370_BLACK";"21,99";"16,99";"16,99";"21,99"
"JPF370_GREEN";"21,99";"16,99";"16,99";"21,99"
"JPF370_GREY";"21,99";"16,99";"16,99";"21,99"
"JPF370_PINK";"21,99";"16,99";"16,99";"21,99"
"JPF370_PURPLE";"21,99";"16,99";"16,99";"21,99"
"JPF370_RED";"21,99";"16,99";"16,99";"21,99"
"JPF370_YELLOW";"21,99";"16,99";"16,99";"21,99"
"K391_BLACK";"39,99";"20,99";"20,99";"39,99"
"K3502293_1PINK";"5,99";"4,79";"4,79";"5,99"
"K3502293_BLUE";"5,99";"4,79";"4,79";"5,99"
"K3502293_GREEN";"5,99";"4,79";"4,79";"5,99"
"K3502293_PINK";"5,99";"4,79";"4,79";"5,99"
"KO154_RED_W";"42,99";"35,99";"35,99";"42,99"
"KO360_BLACK";"47,99";"39,99";"39,99";"47,99"
"KO360_BLUE";"47,99";"39,99";"39,99";"47,99"
"KO360_RED";"47,99";"39,99";"39,99";"47,99"
"KO910_BLACK";"43,99";"36,99";"36,99";"43,99"
"KO910_WHITE";"43,99";"36,99";"36,99";"43,99"
"KO950_BLUE";"48,99";"39,99";"39,99";"48,99"
"KO951_BLACK";"48,99";"39,99";"39,99";"48,99"
"KO953_BLACK";"48,99";"39,99";"39,99";"48,99"
"KO2019_BLACK";"53,99";"49,99";"49,99";"53,99"
"KO2019_RED";"53,99";"49,99";"49,99";"53,99"
"KO2019_WHITE";"54,99";"49,99";"49,99";"54,99"
"KO3100_BLACK";"36,99";"29,99";"29,99";"36,99"
"KO3100_WHITE";"36,99";"29,99";"29,99";"36,99"
"KOA01_BLACK_CP";"54,99";"44,99";"44,99";"54,99"
"KOA01_C_FLOWER";"54,99";"44,99";"44,99";"54,99"
"KOA01_C_PINK";"54,99";"44,99";"44,99";"54,99"
"KOA01_HEART";"54,99";"49,99";"49,99";"54,99"
"KOA01_HEART_K";"62,99";"47,99";"47,99";"62,99"
"KOA01_N_WHITE";"54,99";"44,99";"44,99";"54,99"
"KOA01_P_GREEN";"54,99";"44,99";"44,99";"54,99"
"KOA01_R_WHITE";"54,99";"49,49";"49,49";"54,99"
"KOA01_RED";"54,99";"44,99";"44,99";"54,99"
"KOA01_W_PINK";"54,99";"44,99";"44,99";"54,99"
"KOA01_W_WHITE";"54,99";"44,99";"44,99";"54,99"
"KOA01_WHITE_C";"49,99";"44,99";"44,99";"49,99"
"KOA01_Z_GREEN";"54,99";"44,99";"44,99";"54,99"
"KOA01_Z_WHITE";"54,99";"46,99";"46,99";"54,99"
"KOA05_1_WHITE";"54,99";"49,99";"49,99";"54,99"
"KOA05_C_BLACK";"54,99";"44,99";"44,99";"54,99"
"KOA05_C_FLOWER";"54,99";"44,99";"44,99";"54,99"
"KOA05_C_HEART";"54,99";"44,99";"44,99";"54,99"
"KOA05_FLOWER";"54,99";"44,99";"44,99";"54,99"
"KOA06_SILVER";"54,99";"44,99";"44,99";"54,99"
"KOF01_1_GREEN";"54,99";"44,99";"44,99";"54,99"
"KOF01_2_RED";"54,99";"44,99";"44,99";"54,99"
"KOF01_3RED";"54,99";"49,49";"49,49";"54,99"
"KOF01_BLACK";"54,99";"44,99";"44,99";"54,99"
"KOF01_C_GREEN";"54,99";"44,99";"44,99";"54,99"
"KOF01_C_RED";"54,99";"44,99";"44,99";"54,99"
"KOF01_C_WHITE";"54,99";"49,99";"49,99";"54,99"
"KOF01_C1_PINK";"54,99";"44,99";"44,99";"54,99"
"KOF01_FLOWER";"54,99";"49,99";"49,99";"54,99"
"KOF01_GREEN";"54,99";"44,99";"44,99";"54,99"
"KOF01_HEART";"54,99";"44,99";"44,99";"54,99"
"KOF01_NN_RED";"54,99";"44,99";"44,99";"54,99"
"KOF01_Z_GREEN";"54,99";"44,99";"44,99";"54,99"
"KOF05_C_HEART";"54,99";"44,99";"44,99";"54,99"
"KOF05_FLOWER";"54,99";"49,99";"49,99";"54,99"
"KOF06_SILVER";"54,99";"44,99";"44,99";"54,99"
"KOF200_RED";"52,99";"47,99";"47,99";"52,99"
"KOV202_PINK";"36,99";"32,99";"32,99";"36,99"
"KROKO_ORANGE";"7,83";"3,79";"3,79";"7,83"
"KROKO_RED";"7,83";"3,85";"3,85";"7,83"
"L973_BLACK";"25,99";"23,99";"23,99";"25,99"
"LB111_BLACK";"69,00";"64,99";"64,99";"69,00"
"LB111_BLUE";"69,00";"64,99";"64,99";"69,00"
"LB111_GRAY";"69,00";"64,99";"64,99";"69,00"
"LB111_TURKUAZ";"69,00";"64,99";"64,99";"69,00"
"LET651_BLACK";"27,99";"22,99";"22,99";"27,99"
"LT417_BLACK";"26,99";"23,99";"23,99";"26,99"
"LTF203F101_01";"48,97";"38,29";"38,29";"48,97"
"LTF221G106_10";"32,99";"29,99";"29,99";"32,99"
"LTF231G100_03";"39,99";"28,99";"28,99";"39,99"
"LTF231G104_07";"34,99";"26,90";"26,90";"34,99"
"LTF231M101_62";"54,99";"39,00";"39,00";"54,99"
"LTF231M103_01";"54,99";"35,99";"35,99";"54,99"
"LTF231M108_01";"49,99";"39,99";"39,99";"49,99"
"LTF241B111_01";"42,99";"32,99";"32,99";"42,99"
"LTF241B117_64";"39,99";"32,99";"32,99";"39,99"
"LTF241B119_64";"44,99";"29,00";"29,00";"44,99"
"LTF241F107_1X";"50,99";"39,00";"39,00";"50,99"
"LTF241F107_10";"50,99";"37,99";"37,99";"50,99"
"LTF241G404_46";"16,99";"9,99";"9,99";"16,99"
"LTF241M125_64";"44,99";"39,99";"39,99";"44,99"
"LTF243B101_02";"41,99";"32,99";"32,99";"41,99"
"LTF243G103_01";"42,99";"34,99";"34,99";"42,99"
"LTF251F105_82";"50,99";"44,99";"44,99";"50,99"
"LTF251M109_10";"57,99";"39,00";"39,00";"57,99"
"LTF261F401_LILA";"21,99";"16,99";"16,99";"21,99"
"LTF261F401_WHITE";"21,99";"16,99";"16,99";"21,99"
"LYDIA_BEIGE";"66,23";"34,99";"34,99";"66,23"
"M184_R_BLACK";"24,99";"22,49";"22,49";"24,99"
"M189_BEIGE";"24,90";"22,49";"22,49";"24,90"
"M189_BROWN";"24,90";"22,49";"22,49";"24,90"
"M189_FLOWER";"24,90";"22,49";"22,49";"24,90"
"M189_RED";"24,90";"22,49";"22,49";"24,90"
"M191_G_FLOWER";"24,99";"22,99";"22,99";"24,99"
"M191_HEART";"24,99";"22,99";"22,99";"24,99"
"M191_VJE";"24,99";"22,99";"22,99";"24,99"
"M202_1FLOWER";"24,99";"22,49";"22,49";"24,99"
"M202_3_WHITE";"24,99";"22,49";"22,49";"24,99"
"M202_BLKFLOWER";"24,99";"22,99";"22,99";"24,99"
"M202_FLOWER";"24,99";"22,49";"22,49";"24,99"
"M202_LEPTIR";"24,99";"22,49";"22,49";"24,99"
"M202_LEPTIR2";"24,99";"22,99";"22,99";"24,99"
"M202_LEPTIR3";"24,99";"22,99";"22,99";"24,99"
"M202_LEPTIR4";"24,99";"22,49";"22,49";"24,99"
"METE_BLACK";"21,99";"18,99";"18,99";"21,99"
"MING_BROWN";"22,43";"18,99";"18,99";"22,43"
"MYLO_1_BROWN";"21,99";"19,99";"19,99";"21,99"
"MYLO_1BLACK";"21,99";"19,99";"19,99";"21,99"
"N27_BLACK";"23,76";"12,00";"12,00";"23,76"
"N357_3_FLOWER";"39,99";"35,99";"35,99";"39,99"
"NPF352_A14";"26,90";"24,99";"24,99";"26,90"
"NPF352_A15";"26,90";"24,99";"24,99";"26,90"
"NPF352_A24";"26,90";"24,99";"24,99";"26,90"
"NPF352_A25";"26,90";"24,99";"24,99";"26,90"
"NPF352_A26";"26,90";"24,99";"24,99";"26,90"
"NPF352_A27";"26,90";"24,99";"24,99";"26,90"
"NPF352_LA012_BORDO";"27,99";"24,99";"24,99";"27,99"
"NPF352_LA012_GREEN";"27,99";"24,99";"24,99";"27,99"
"NPF362_K_GOLDEN";"27,99";"24,99";"24,99";"27,99"
"NPF380_1BROWN";"27,99";"24,99";"24,99";"27,99"
"NPF380_2_BROWN";"27,99";"24,99";"24,99";"27,99"
"NPF380_BLACK";"27,99";"24,99";"24,99";"27,99"
"NPF380_K_GREY";"27,99";"25,19";"25,19";"27,99"
"NPF380_LA003_1GREEN";"27,99";"24,99";"24,99";"27,99"
"NPF380_LA003_WHITE";"27,99";"24,99";"24,99";"27,99"
"NPF380_YELLOW";"27,99";"24,99";"24,99";"27,99"
"OD_ACID_GREEN";"14,90";"7,90";"7,90";"14,90"
"OD_ELECTR_YELLOW";"14,90";"7,90";"7,90";"14,90"
"OD_MELLOW_YELLOW";"14,90";"7,90";"7,90";"14,90"
"OD_RUBY_HAZE";"14,90";"7,90";"7,90";"14,90"
"OPATIJA_BEIGE";"13,14";"11,49";"11,49";"13,14"
"OPATIJA_BLACK";"13,14";"11,49";"11,49";"13,14"
"OPATIJA_CRVENA";"13,14";"11,49";"11,49";"13,14"
"OPATIJA_PLAVA";"13,14";"11,49";"11,49";"13,14"
"OPATIJA_ROYAL";"13,14";"11,49";"11,49";"13,14"
"ORTLER_GREY";"51,63";"25,00";"25,00";"51,63"
"P1741_18_BLACK";"21,99";"18,99";"18,99";"21,99"
"P1741_18_BROWN";"21,99";"18,99";"18,99";"21,99"
"PC_4002_BLACK";"14,99";"13,49";"13,49";"14,99"
"PC_4002_WHITE";"14,99";"13,49";"13,49";"14,99"
"PC_5002_BLACK";"14,99";"13,49";"13,49";"14,99"
"PC_5002_WHITE";"14,99";"13,49";"13,49";"14,99"
"PU_100_36_41blk";"33,99";"31,99";"31,99";"33,99"
"PU_100_36_41wht";"33,99";"31,99";"31,99";"33,99"
"PU_100_M_WHITE";"36,99";"33,99";"33,99";"36,99"
"PU_100_MINT";"33,99";"31,99";"31,99";"33,99"
"PU_100_N_PERLA";"33,99";"31,99";"31,99";"33,99"
"PU_100_N_SILVER";"33,99";"31,99";"31,99";"33,99"
"PU100_M_BLACK";"36,99";"33,99";"33,99";"36,99"
"PU101_BROWN";"33,05";"24,99";"24,99";"33,05"
"PU101_N_BLACK";"35,99";"24,99";"24,99";"35,99"
"R105_BLACK";"29,99";"26,99";"26,99";"29,99"
"RAYSE_BLACK";"48,99";"39,99";"39,99";"48,99"
"RB157_BROWN";"42,99";"29,99";"29,99";"42,99"
"RELAZIO_BLACK_GREY";"43,99";"35,90";"35,90";"43,99"
"RELAZIO_TAUPE_SAND";"43,99";"35,90";"35,90";"43,99"
"RIJEKA_CRNA";"13,14";"11,49";"11,49";"13,14"
"RIJEKA_GREY";"13,14";"11,49";"11,49";"13,14"
"S21_BLACK";"28,99";"25,99";"25,99";"28,99"
"S11537_WW002";"49,99";"38,00";"38,00";"49,99"
"S11634_KK001";"54,99";"41,99";"41,99";"54,99"
"S11879_KK001";"59,99";"45,00";"45,00";"59,99"
"S11880_KK001";"52,99";"47,99";"47,99";"52,99"
"S11880_RS520";"52,99";"47,99";"47,99";"52,99"
"S11903_KK01";"54,90";"43,92";"43,92";"54,90"
"S11903_MS009";"54,90";"43,92";"43,92";"54,90"
"S11907_BLACKP";"19,99";"17,99";"17,99";"19,99"
"S11908_BLACK";"19,99";"17,99";"17,99";"19,99"
"S11908_WHITE";"19,99";"17,99";"17,99";"19,99"
"S21840_ES010";"52,96";"35,00";"35,00";"52,96"
"S22155_MS023";"51,99";"46,99";"46,99";"51,99"
"S22158_ES007";"59,99";"35,00";"35,00";"59,99"
"S22159_GS517";"52,99";"47,50";"47,50";"52,99"
"S22162_KK001";"51,99";"38,00";"38,00";"51,99"
"S22162_MS034";"51,99";"38,00";"38,00";"51,99"
"S22548_ES001";"65,99";"48,00";"48,00";"65,99"
"S22551_GS518";"64,99";"51,99";"51,99";"64,99"
"S22551_KK001";"64,99";"51,99";"51,99";"64,99"
"S22553_KK001";"56,99";"39,00";"39,00";"56,99"
"S22584_KK001";"36,99";"33,29";"33,29";"36,99"
"S22588_BLACK_RED";"22,99";"17,99";"17,99";"22,99"
"S22588_BLUE";"22,99";"17,99";"17,99";"22,99"
"S31093_KK001_BLACK";"44,99";"29,99";"29,99";"44,99"
"S32801_WW001";"35,99";"31,99";"31,99";"35,99"
"S33385_SAR";"19,99";"14,99";"14,99";"19,99"
"S33390_PINK";"19,99";"14,99";"14,99";"19,99"
"SAN_CRNE";"7,99";"6,99";"6,99";"7,99"
"SAN_NERO";"9,16";"7,99";"7,99";"9,16"
"SAR35_GREEN";"17,99";"16,99";"16,99";"17,99"
"SAR37_BLACK";"17,99";"15,99";"15,99";"17,99"
"SAR37_GOLD";"17,99";"15,99";"15,99";"17,99"
"SAR37_PINK";"17,99";"15,99";"15,99";"17,99"
"SAR37_RED";"17,99";"15,99";"15,99";"17,99"
"SAR60_GOLD";"17,99";"16,99";"16,99";"17,99"
"SAR60_WHITE";"17,99";"14,99";"14,99";"17,99"
"SCHMITTENHOHE_GREEN";"62,25";"39,99";"39,99";"62,25"
"SF861_BLACK";"27,99";"24,99";"24,99";"27,99"
"SFF_10_BLACK";"6,99";"5,99";"5,99";"6,99"
"SIMON_SPIRALE_BLUE_ORANGE";"35,70";"19,99";"19,99";"35,70"
"SLAY_BEIGE";"20,99";"16,99";"16,99";"20,99"
"sm-001086";"399,00";"319,00";"319,00";"399,00"
"sm-001338";"879,00";"749,00";"749,00";"879,00"
"sm-001412";"249,00";"209,00";"209,00";"249,00"
"sm-001445";"499,00";"439,00";"439,00";"499,00"
"sm-001497";"299,00";"199,00";"199,00";"299,00"
"sm-001525";"1099,00";"999,00";"999,00";"1099,00"
"sm-001545";"499,00";"379,00";"379,00";"499,00"
"sm-001546";"2999,00";"2399,00";"2399,00";"2999,00"
"sm-372191";"229,00";"179,00";"179,00";"229,00"
"SPLIT_BIJELA";"13,14";"11,49";"11,49";"13,14"
"SPLIT_CRNA";"13,14";"11,49";"11,49";"13,14"
"SV_MARTIN_WHITE";"13,14";"11,49";"11,49";"13,14"
"SVANTE_NAVY";"44,99";"40,99";"40,99";"44,99"
"SYNDEY_GREY";"56,00";"48,99";"48,99";"56,00"
"T034_RED";"21,99";"16,99";"16,99";"21,99"
"T057_BLACKROSE";"7,99";"6,99";"6,99";"7,99"
"T057_BLACKWHITE";"7,99";"6,99";"6,99";"7,99"
"T057_NAVYBLUE";"7,99";"6,99";"6,99";"7,99"
"T057_ROSEPINK";"7,99";"6,99";"6,99";"7,99"
"TANER_BLACK";"29,99";"26,99";"26,99";"29,99"
"TANO_BLACK";"29,99";"26,99";"26,99";"29,99"
"TRLOL22_42_BLUE";"19,78";"12,99";"12,99";"19,78"
"U_31_WHITE";"52,99";"47,69";"47,69";"52,99"
"UMF211M102_01";"42,99";"29,99";"29,99";"42,99"
"UMF211M102_1V";"42,99";"29,99";"29,99";"42,99"
"UMF223B117_42";"43,67";"35,69";"35,69";"43,67"
"UMF223M109_10";"52,96";"29,99";"29,99";"52,96"
"UMF223M115_25";"48,97";"29,99";"29,99";"48,97"
"UMF231B113_01";"38,99";"29,99";"29,99";"38,99"
"UMF231B114_02";"42,99";"29,99";"29,99";"42,99"
"UMF231B119_01";"37,99";"29,99";"29,99";"37,99"
"UMF231B119_20";"37,99";"29,99";"29,99";"37,99"
"UMF231M104_67";"42,99";"29,99";"29,99";"42,99"
"UMF231M108_1U";"42,99";"29,99";"29,99";"42,99"
"UMF231M108_02";"42,99";"29,99";"29,99";"42,99"
"UMF231M108_45";"42,99";"29,99";"29,99";"42,99"
"UMF231M109_1U";"51,99";"29,99";"29,99";"51,99"
"UMF231M118_20";"42,99";"29,99";"29,99";"42,99"
"UMF231M121_02";"49,99";"29,99";"29,99";"49,99"
"UNTERSBERG_GREY";"62,25";"39,69";"39,69";"62,25"
"URCPP21_13_PURPLE";"23,76";"19,99";"19,99";"23,76"
"V202_1_NAVY";"43,67";"32,99";"32,99";"43,67"
"V202_GREEN";"43,67";"35,99";"35,99";"43,67"
"V202_GREEPEARL";"49,99";"39,99";"39,99";"49,99"
"V202_M_BLACK";"49,99";"43,99";"43,99";"49,99"
"V202_M_NAVY";"43,67";"35,99";"35,99";"43,67"
"V202_M_WHITE";"49,99";"43,99";"43,99";"49,99"
"V202_N_BLACK";"43,67";"37,99";"37,99";"43,67"
"V202_N_WHITE";"43,67";"37,99";"37,99";"43,67"
"V202_PERLA_1";"43,67";"38,99";"38,99";"43,67"
"V202_ROSE";"43,67";"36,99";"36,99";"43,67"
"V260_BEIGE";"39,99";"32,99";"32,99";"39,99"
"V260_BLACK";"47,99";"37,99";"37,99";"47,99"
"V260_PERLA";"47,99";"37,99";"37,99";"47,99"
"V260_WHITE";"47,99";"37,99";"37,99";"47,99"
"V261_BLACK";"46,99";"37,99";"37,99";"46,99"
"V261_BLACK_FLOWER";"43,67";"29,99";"29,99";"43,67"
"V261_PERLA";"46,99";"37,99";"37,99";"46,99"
"V261_WHITE";"46,99";"37,99";"37,99";"46,99"
"V263_1_PINK";"42,99";"34,99";"34,99";"42,99"
"VISTA_RED";"13,14";"10,49";"10,49";"13,14"
"W2193GW_ROYAL";"45,99";"41,99";"41,99";"45,99"
"W7031_GREY";"39,99";"35,99";"35,99";"39,99"
"W7035A_BLACK";"39,99";"35,99";"35,99";"39,99"
"W7035A_SIVA";"39,99";"35,99";"35,99";"39,99"
"WD166_BRONZE";"27,99";"24,99";"24,99";"27,99"
"WL587_BLACK";"37,99";"30,99";"30,99";"37,99"
"WL587_BROWN";"37,99";"30,99";"30,99";"37,99"
"WLF22_59_BEIGE";"19,99";"14,99";"14,99";"19,99"
"WLF22_104_NAVY";"17,12";"13,09";"13,09";"17,12"
"WLF22_120_WHITE";"9,16";"7,99";"7,99";"9,16"
"WLF22_142_1BROWN";"7,79";"6,99";"6,99";"7,79"
"WLF22_142_BROWN";"7,79";"6,99";"6,99";"7,79"
"WLF22_142_PEACH";"7,79";"6,99";"6,99";"7,79"
"WLF22_142_TOURQUISE";"7,79";"6,99";"6,99";"7,79"
"WLF347_BLUE";"15,79";"7,99";"7,99";"15,79"
"WLF622025_BORDO";"29,99";"24,99";"24,99";"29,99"
"WLFP26_BLUE";"15,99";"12,99";"12,99";"15,99"
"WLFP26_GREY1";"15,99";"12,99";"12,99";"15,99"
"WLFP26_PINK";"15,99";"12,99";"12,99";"15,99"
"WLFP26_WHITE";"15,99";"12,99";"12,99";"15,99"
"WLFP031_WHITE";"7,99";"5,99";"5,99";"7,99"
"WLFP46_PINK";"26,41";"12,99";"12,99";"26,41"
"WLFP47_GREY";"26,41";"12,99";"12,99";"26,41"
"WLFP53_NAVY";"35,70";"19,99";"19,99";"35,70"
"WLFP088_RED";"9,99";"7,99";"7,99";"9,99"
"WLFP121_BEIGE";"29,99";"24,99";"24,99";"29,99"
"WLFP121_BLACK";"33,05";"14,99";"14,99";"33,05"
"WLFP0139_GREEN";"11,99";"4,99";"4,99";"11,99"
"WLFP0140_BLUE";"11,99";"4,99";"4,99";"11,99"
"WLFP0146_NAVY";"24,99";"19,99";"19,99";"24,99"
"WLFP0158_NAVY";"24,99";"19,99";"19,99";"24,99"
"WLFP173_BLACK";"26,41";"19,99";"19,99";"26,41"
"WLFP196_1GREY";"5,99";"3,99";"3,99";"5,99"
"WLFP196_PINK";"5,09";"3,99";"3,99";"5,09"
"WLFP196_PINKI";"5,99";"3,99";"3,99";"5,99"
"WLFP198_PINK";"17,12";"13,09";"13,09";"17,12"
"WLFP203_GREEN";"11,81";"4,99";"4,99";"11,81"
"WLFP203_PURPLE";"8,99";"4,99";"4,99";"8,99"
"WLFP0207_GREY";"13,99";"9,99";"9,99";"13,99"
"WLFP221_PINK";"14,47";"4,99";"4,99";"14,47"
"WLFP222_NAVY";"14,47";"4,99";"4,99";"14,47"
"WLFP0230_1BLUE";"17,99";"14,99";"14,99";"17,99"
"WLFP0230_1PINK";"17,99";"14,99";"14,99";"17,99"
"WLFP0230_BLUE";"17,99";"14,99";"14,99";"17,99"
"WLFP0230_NAVY";"17,99";"14,99";"14,99";"17,99"
"WLFP0230_PINK";"17,99";"14,99";"14,99";"17,99"
"WLFP231_PINK";"23,79";"17,99";"17,99";"23,79"
"WLFP0332_BROWN";"24,99";"15,99";"15,99";"24,99"
"WLFP0332_PINK";"24,99";"15,99";"15,99";"24,99"
"WLFP0342_NAVY";"15,79";"7,99";"7,99";"15,79"
"WLFP0420_1NAVY";"34,99";"19,99";"19,99";"34,99"
"WLFP02025_BROWN";"29,99";"24,99";"24,99";"29,99"
"WLFP52025_BLUE";"9,99";"5,99";"5,99";"9,99"
"WLFP52025_YELLOW";"9,99";"5,99";"5,99";"9,99"
"WLFP92025_GREY";"29,99";"24,99";"24,99";"29,99"
"WLFP112025_NAVY";"24,99";"19,99";"19,99";"24,99"
"WLFP112025_RED_NAVY";"24,99";"19,99";"19,99";"24,99"
"WLFP112025_WHITE_BLUE";"24,99";"19,99";"19,99";"24,99"
"WLFP122025_BLACK";"24,99";"19,99";"19,99";"24,99"
"WLFP122025_BLUE";"24,99";"19,99";"19,99";"24,99"
"WLFP122025_WHITE";"24,99";"19,99";"19,99";"24,99"
"WLFP262025_BLUE";"17,99";"14,99";"14,99";"17,99"
"WLFP292025_BLUE";"17,99";"14,99";"14,99";"17,99"
"WLFP342025_NAVY";"16,99";"14,99";"14,99";"16,99"
"WLFP642025_NAVY";"24,99";"19,99";"19,99";"24,99"
"WLFP682025_BLUE";"29,99";"14,90";"14,90";"29,99"
"WLFP752025_BLACK";"29,99";"24,99";"24,99";"29,99"
"WLFP752025_BLUE";"29,99";"24,99";"24,99";"29,99"
"WLFP882025_BLUE";"29,99";"24,99";"24,99";"29,99"
"WLFP892025_1_BLACK";"5,99";"3,99";"3,99";"5,99"
"WLFP892025_BLACK";"5,99";"3,99";"3,99";"5,99"
"WLFP982025_BEIGE";"29,99";"23,99";"23,99";"29,99"
"WLFP1222025_BLUE";"24,99";"19,99";"19,99";"24,99"
"WLFP1302025_BLACK";"24,99";"19,99";"19,99";"24,99"
"WLFP1352025_BLACK";"24,99";"19,99";"19,99";"24,99"
"WLFP1372025_BLUE";"29,99";"24,99";"24,99";"29,99"
"WLFP1372025_PINK";"29,99";"24,99";"24,99";"29,99"
"WLFP1702025_WHITE";"24,99";"19,99";"19,99";"24,99"
"WW069_BLACK";"23,99";"13,99";"13,99";"23,99"
"WW069_WHITE";"23,99";"13,99";"13,99";"23,99"
"X2205_PINK";"22,99";"19,99";"19,99";"22,99"
"X2211_BLUE";"23,99";"17,99";"17,99";"23,99"
"X77182A_BLACK";"27,99";"16,99";"16,99";"27,99"
"Y017_GREEN";"20,99";"17,99";"17,99";"20,99"
"YO636_BLACK";"21,99";"19,99";"19,99";"21,99"
"ZA22_BLACK";"18,99";"16,99";"16,99";"18,99"
